film_id,title,description,language_id,original_language_id
401,HAROLD FRENCH,A Stunning Saga of a Sumo Wrestler And a Student who must Outrace a Moose in The Sahara Desert,1,
402,HARPER DYING,A Awe-Inspiring Reflection of a Woman And a Cat who must Confront a Feminist in The Sahara Desert,1,
403,HARRY IDAHO,A Taut Yarn of a Technical Writer And a Feminist who must Outrace a Dog in California,1,
404,HATE HANDICAP,A Intrepid Reflection of a Mad Scientist And a Pioneer who must Overcome a Hunter in The First Manned Space Station,1,
405,HAUNTED ANTITRUST,A Amazing Saga of a Man And a Dentist who must Reach a Technical Writer in Ancient India,1,
406,HAUNTING PIANIST,A Fast-Paced Story of a Database Administrator And a Composer who must Defeat a Squirrel in An Abandoned Amusement Park,1,
407,HAWK CHILL,A Action-Packed Drama of a Mad Scientist And a Composer who must Outgun a Car in Australia,1,
408,HEAD STRANGER,A Thoughtful Saga of a Hunter And a Crocodile who must Confront a Dog in The Gulf of Mexico,1,
409,HEARTBREAKERS BRIGHT,A Awe-Inspiring Documentary of a A Shark And a Dentist who must Outrace a Pastry Chef in The Canadian Rockies,1,
410,HEAVEN FREEDOM,A Intrepid Story of a Butler And a Car who must Vanquish a Man in New Orleans,1,
411,HEAVENLY GUN,A Beautiful Yarn of a Forensic Psychologist And a Frisbee who must Battle a Moose in A Jet Boat,1,
412,HEAVYWEIGHTS BEAST,A Unbelieveable Story of a Composer And a Dog who must Overcome a Womanizer in An Abandoned Amusement Park,1,
413,HEDWIG ALTER,A Action-Packed Yarn of a Womanizer And a Lumberjack who must Chase a Sumo Wrestler in A Monastery,1,
414,HELLFIGHTERS SIERRA,A Taut Reflection of a A Shark And a Dentist who must Battle a Boat in Soviet Georgia,1,
415,HIGH ENCINO,A Fateful Saga of a Waitress And a Hunter who must Outrace a Sumo Wrestler in Australia,1,
416,HIGHBALL POTTER,A Action-Packed Saga of a Husband And a Dog who must Redeem a Database Administrator in The Sahara Desert,1,
417,HILLS NEIGHBORS,A Epic Display of a Hunter And a Feminist who must Sink a Car in A U-Boat,1,
418,HOBBIT ALIEN,A Emotional Drama of a Husband And a Girl who must Outgun a Composer in The First Manned Space Station,1,
419,HOCUS FRIDA,A Awe-Inspiring Tale of a Girl And a Madman who must Outgun a Student in A Shark Tank,1,
420,HOLES BRANNIGAN,A Fast-Paced Reflection of a Technical Writer And a Student who must Fight a Boy in The Canadian Rockies,1,
421,HOLIDAY GAMES,A Insightful Reflection of a Waitress And a Madman who must Pursue a Boy in Ancient Japan,1,
422,HOLLOW JEOPARDY,A Beautiful Character Study of a Robot And a Astronaut who must Overcome a Boat in A Monastery,1,
423,HOLLYWOOD ANONYMOUS,A Fast-Paced Epistle of a Boy And a Explorer who must Escape a Dog in A U-Boat,1,
424,HOLOCAUST HIGHBALL,A Awe-Inspiring Yarn of a Composer And a Man who must Find a Robot in Soviet Georgia,1,
425,HOLY TADPOLE,A Action-Packed Display of a Feminist And a Pioneer who must Pursue a Dog in A Baloon Factory,1,
426,HOME PITY,A Touching Panorama of a Man And a Secret Agent who must Challenge a Teacher in A MySQL Convention,1,
427,HOMEWARD CIDER,A Taut Reflection of a Astronaut And a Squirrel who must Fight a Squirrel in A Manhattan Penthouse,1,
428,HOMICIDE PEACH,A Astounding Documentary of a Hunter And a Boy who must Confront a Boy in A MySQL Convention,1,
429,HONEY TIES,A Taut Story of a Waitress And a Crocodile who must Outrace a Lumberjack in A Shark Tank,1,
430,HOOK CHARIOTS,A Insightful Story of a Boy And a Dog who must Redeem a Boy in Australia,1,
431,HOOSIERS BIRDCAGE,A Astounding Display of a Explorer And a Boat who must Vanquish a Car in The First Manned Space Station,1,
432,HOPE TOOTSIE,A Amazing Documentary of a Student And a Sumo Wrestler who must Outgun a A Shark in A Shark Tank,1,
433,HORN WORKING,A Stunning Display of a Mad Scientist And a Technical Writer who must Succumb a Monkey in A Shark Tank,1,
434,HORROR REIGN,A Touching Documentary of a A Shark And a Car who must Build a Husband in Nigeria,1,
435,HOTEL HAPPINESS,A Thrilling Yarn of a Pastry Chef And a A Shark who must Challenge a Mad Scientist in The Outback,1,
436,HOURS RAGE,A Fateful Story of a Explorer And a Feminist who must Meet a Technical Writer in Soviet Georgia,1,
437,HOUSE DYNAMITE,A Taut Story of a Pioneer And a Squirrel who must Battle a Student in Soviet Georgia,1,
438,HUMAN GRAFFITI,A Beautiful Reflection of a Womanizer And a Sumo Wrestler who must Chase a Database Administrator in The Gulf of Mexico,1,
439,HUNCHBACK IMPOSSIBLE,A Touching Yarn of a Frisbee And a Dentist who must Fight a Composer in Ancient Japan,1,
440,HUNGER ROOF,A Unbelieveable Yarn of a Student And a Database Administrator who must Outgun a Husband in An Abandoned Mine Shaft,1,
441,HUNTER ALTER,A Emotional Drama of a Mad Cow And a Boat who must Redeem a Secret Agent in A Shark Tank,1,
442,HUNTING MUSKETEERS,A Thrilling Reflection of a Pioneer And a Dentist who must Outrace a Womanizer in An Abandoned Mine Shaft,1,
443,HURRICANE AFFAIR,A Lacklusture Epistle of a Database Administrator And a Woman who must Meet a Hunter in An Abandoned Mine Shaft,1,
444,HUSTLER PARTY,A Emotional Reflection of a Sumo Wrestler And a Monkey who must Conquer a Robot in The Sahara Desert,1,
445,HYDE DOCTOR,A Fanciful Documentary of a Boy And a Woman who must Redeem a Womanizer in A Jet Boat,1,
446,HYSTERICAL GRAIL,A Amazing Saga of a Madman And a Dentist who must Build a Car in A Manhattan Penthouse,1,
447,ICE CROSSING,A Fast-Paced Tale of a Butler And a Moose who must Overcome a Pioneer in A Manhattan Penthouse,1,
448,IDAHO LOVE,A Fast-Paced Drama of a Student And a Crocodile who must Meet a Database Administrator in The Outback,1,
449,IDENTITY LOVER,A Boring Tale of a Composer And a Mad Cow who must Defeat a Car in The Outback,1,
450,IDOLS SNATCHERS,A Insightful Drama of a Car And a Composer who must Fight a Man in A Monastery,1,
451,IGBY MAKER,A Epic Documentary of a Hunter And a Dog who must Outgun a Dog in A Baloon Factory,1,
452,ILLUSION AMELIE,A Emotional Epistle of a Boat And a Mad Scientist who must Outrace a Robot in An Abandoned Mine Shaft,1,
453,IMAGE PRINCESS,A Lacklusture Panorama of a Secret Agent And a Crocodile who must Discover a Madman in The Canadian Rockies,1,
454,IMPACT ALADDIN,A Epic Character Study of a Frisbee And a Moose who must Outgun a Technical Writer in A Shark Tank,1,
455,IMPOSSIBLE PREJUDICE,A Awe-Inspiring Yarn of a Monkey And a Hunter who must Chase a Teacher in Ancient China,1,
456,INCH JET,A Fateful Saga of a Womanizer And a Student who must Defeat a Butler in A Monastery,1,
457,INDEPENDENCE HOTEL,A Thrilling Tale of a Technical Writer And a Boy who must Face a Pioneer in A Monastery,1,
458,INDIAN LOVE,A Insightful Saga of a Mad Scientist And a Mad Scientist who must Kill a Astronaut in An Abandoned Fun House,1,
459,INFORMER DOUBLE,A Action-Packed Display of a Woman And a Dentist who must Redeem a Forensic Psychologist in The Canadian Rockies,1,
460,INNOCENT USUAL,A Beautiful Drama of a Pioneer And a Crocodile who must Challenge a Student in The Outback,1,
461,INSECTS STONE,A Epic Display of a Butler And a Dog who must Vanquish a Crocodile in A Manhattan Penthouse,1,
462,INSIDER ARIZONA,A Astounding Saga of a Mad Scientist And a Hunter who must Pursue a Robot in A Baloon Factory,1,
463,INSTINCT AIRPORT,A Touching Documentary of a Mad Cow And a Explorer who must Confront a Butler in A Manhattan Penthouse,1,
464,INTENTIONS EMPIRE,A Astounding Epistle of a Cat And a Cat who must Conquer a Mad Cow in A U-Boat,1,
465,INTERVIEW LIAISONS,A Action-Packed Reflection of a Student And a Butler who must Discover a Database Administrator in A Manhattan Penthouse,1,
466,INTOLERABLE INTENTIONS,A Awe-Inspiring Story of a Monkey And a Pastry Chef who must Succumb a Womanizer in A MySQL Convention,1,
467,INTRIGUE WORST,A Fanciful Character Study of a Explorer And a Mad Scientist who must Vanquish a Squirrel in A Jet Boat,1,
468,INVASION CYCLONE,A Lacklusture Character Study of a Mad Scientist And a Womanizer who must Outrace a Explorer in A Monastery,1,
469,IRON MOON,A Fast-Paced Documentary of a Mad Cow And a Boy who must Pursue a Dentist in A Baloon,1,
470,ISHTAR ROCKETEER,A Astounding Saga of a Dog And a Squirrel who must Conquer a Dog in An Abandoned Fun House,1,
471,ISLAND EXORCIST,A Fanciful Panorama of a Technical Writer And a Boy who must Find a Dentist in An Abandoned Fun House,1,
472,ITALIAN AFRICAN,A Astounding Character Study of a Monkey And a Moose who must Outgun a Cat in A U-Boat,1,
473,JACKET FRISCO,A Insightful Reflection of a Womanizer And a Husband who must Conquer a Pastry Chef in A Baloon,1,
474,JADE BUNCH,A Insightful Panorama of a Squirrel And a Mad Cow who must Confront a Student in The First Manned Space Station,1,
475,JAPANESE RUN,A Awe-Inspiring Epistle of a Feminist And a Girl who must Sink a Girl in The Outback,1,
476,JASON TRAP,A Thoughtful Tale of a Woman And a A Shark who must Conquer a Dog in A Monastery,1,
477,JAWBREAKER BROOKLYN,A Stunning Reflection of a Boat And a Pastry Chef who must Succumb a A Shark in A Jet Boat,1,
478,JAWS HARRY,A Thrilling Display of a Database Administrator And a Monkey who must Overcome a Dog in An Abandoned Fun House,1,
479,JEDI BENEATH,A Astounding Reflection of a Explorer And a Dentist who must Pursue a Student in Nigeria,1,
480,JEEPERS WEDDING,A Astounding Display of a Composer And a Dog who must Kill a Pastry Chef in Soviet Georgia,1,
481,JEKYLL FROGMEN,A Fanciful Epistle of a Student And a Astronaut who must Kill a Waitress in A Shark Tank,1,
482,JEOPARDY ENCINO,A Boring Panorama of a Man And a Mad Cow who must Face a Explorer in Ancient India,1,
483,JERICHO MULAN,A Amazing Yarn of a Hunter And a Butler who must Defeat a Boy in A Jet Boat,1,
484,JERK PAYCHECK,A Touching Character Study of a Pastry Chef And a Database Administrator who must Reach a A Shark in Ancient Japan,1,
485,JERSEY SASSY,A Lacklusture Documentary of a Madman And a Mad Cow who must Find a Feminist in Ancient Japan,1,
486,JET NEIGHBORS,A Amazing Display of a Lumberjack And a Teacher who must Outrace a Woman in A U-Boat,1,
487,JINGLE SAGEBRUSH,A Epic Character Study of a Feminist And a Student who must Meet a Woman in A Baloon,1,
488,JOON NORTHWEST,A Thrilling Panorama of a Technical Writer And a Car who must Discover a Forensic Psychologist in A Shark Tank,1,
489,JUGGLER HARDLY,A Epic Story of a Mad Cow And a Astronaut who must Challenge a Car in California,1,
490,JUMANJI BLADE,A Intrepid Yarn of a Husband And a Womanizer who must Pursue a Mad Scientist in New Orleans,1,
491,JUMPING WRATH,A Touching Epistle of a Monkey And a Feminist who must Discover a Boat in Berlin,1,
492,JUNGLE CLOSER,A Boring Character Study of a Boy And a Woman who must Battle a Astronaut in Australia,1,
493,KANE EXORCIST,A Epic Documentary of a Composer And a Robot who must Overcome a Car in Berlin,1,
494,KARATE MOON,A Astounding Yarn of a Womanizer And a Dog who must Reach a Waitress in A MySQL Convention,1,
495,KENTUCKIAN GIANT,A Stunning Yarn of a Woman And a Frisbee who must Escape a Waitress in A U-Boat,1,
496,KICK SAVANNAH,A Emotional Drama of a Monkey And a Robot who must Defeat a Monkey in New Orleans,1,
497,KILL BROTHERHOOD,A Touching Display of a Hunter And a Secret Agent who must Redeem a Husband in The Outback,1,
498,KILLER INNOCENT,A Fanciful Character Study of a Student And a Explorer who must Succumb a Composer in An Abandoned Mine Shaft,1,
499,KING EVOLUTION,A Action-Packed Tale of a Boy And a Lumberjack who must Chase a Madman in A Baloon,1,
500,KISS GLORY,A Lacklusture Reflection of a Girl And a Husband who must Find a Robot in The Canadian Rockies,1,
